"id","source_id","location_diller","vin","city_fuel","hwy_fuel","make","model","trim","year","body_type","odometer","fuel","condition","driveline","exterior_color","interior_color","engine","engine_size","engine_cylinders","passengers","price","images","transmission","airbags","options","seating_capacities","status","schema_mark","schema_models","schema_vin","schema_year","schema_color_body","schema_body_type","schema_number_doors","schema_transmission","schema_engine_type","schema_price"
"1239","","Auto Quest Group 56 Toro Rd North York, Ontario M3J 2A8","1N4AL3AP8FN316031","8.7L/100Km","6.2L/100Km","Nissan","Altima","4 Cylinder FWD","2015","","214045","Gas","used","FWD","Grey","Black","4 Cylinder","2.5L","","5","79998888","https://autobunny-docs.s3.ca-central-1.amazonaws.com/1098/car/forsale/images/2020/10/pic-01693d02ca497792c18ad468d631e0b0.jpg,https://autobunny-docs.s3.ca-central-1.amazonaws.com/1098/car/forsale/images/2020/10/pic-411d15abb6eb4ee283f4b568a03dc914.jpg,https://autobunny-docs.s3.ca-central-1.amazonaws.com/1098/car/forsale/images/2020/10/pic-f55fa1eb5dd01f559fc6fa511805de61.jpg,https://autobunny-docs.s3.ca-central-1.amazonaws.com/1098/car/forsale/images/2020/10/pic-52bed3db64fabd116184976bf8a5f9f3.jpg,https://autobunny-docs.s3.ca-central-1.amazonaws.com/1098/car/forsale/images/2020/10/pic-fb57692ca2c71fe7f7af6aeeadf0f3f4.jpg,https://autobunny-docs.s3.ca-central-1.amazonaws.com/1098/car/forsale/images/2020/10/pic-88c6e16172f4dfbd3f9738ad34a92ee9.jpg,https://autobunny-docs.s3.ca-central-1.amazonaws.com/1098/car/forsale/images/2020/10/pic-10ee293cb7e720942c645f2e4d793ccb.jpg,https://autobunny-docs.s3.ca-central-1.amazonaws.com/1098/car/forsale/images/2020/10/pic-7852feda34af927d225a33f84b27eab4.jpg","Automatic","","ABS Brakes|Air Conditioning|AM/FM Stereo|Automatic Headlight|Backup Camera|CD Player|Climate Control|Cloth Interior|Cruise Control|Cup Holder|Daytime Running Lights|Digital Clock|Driver Side Airbag|Dual impact Airbags|Entertainment System|Fog Lights|Heated Exterior Mirrors|Keyless Entry|Low Tire Pressure Warning|Passenger Airbag|Power Locks|Power Mirrors|Power Steering|Power Windows|Power-Assist Disc Brakes|Rear Window Defroster|Satellite Radio|Side Airbag|Tilt Steering|Tinted Glass|Traction Control|Trip Odometer","5","active","Nissan","Altima","1N4AL3AP8FN316031","2015","Grey","","4","Automatic","Internal Combustion","79998888"
"1236","","Auto Quest Group 56 Toro Rd North York, Ontario M3J 2A8","1FMCU9GD2HUC15698","10.7L/100Km","8.3L/100Km","Ford","Escape","4 Cylinder FWD","2017","","173703","Gas","used","FWD","Orange","Black","4 Cylinder","1.5L","","5","13999","https://autobunny-docs.s3.ca-central-1.amazonaws.com/1098/car/forsale/images/2020/10/pic-4a9b789bc20d50387e158cb14590184f.jpg,https://autobunny-docs.s3.ca-central-1.amazonaws.com/1098/car/forsale/images/2020/10/pic-1f52c3734a2c2f963bd802531e82dc56.jpg,https://autobunny-docs.s3.ca-central-1.amazonaws.com/1098/car/forsale/images/2020/10/pic-2f1fcf37c88dddc8ed07ac23bbbdcb30.jpg,https://autobunny-docs.s3.ca-central-1.amazonaws.com/1098/car/forsale/images/2020/10/pic-f750cdc30d803c00ae90035a12b9bd65.jpg,https://autobunny-docs.s3.ca-central-1.amazonaws.com/1098/car/forsale/images/2020/10/pic-831cbfbe6b342b3b2e0dfd578b18a926.jpg,https://autobunny-docs.s3.ca-central-1.amazonaws.com/1098/car/forsale/images/2020/10/pic-7d7e68a811fa7317f0df77b9d87a1e55.jpg,https://autobunny-docs.s3.ca-central-1.amazonaws.com/1098/car/forsale/images/2020/10/pic-a2a1951908d865d2aa60bc8f4c6bf8ad.jpg,https://autobunny-docs.s3.ca-central-1.amazonaws.com/1098/car/forsale/images/2020/10/pic-890b6acb9b859bc80fdc208893b7be80.jpg","Automatic","","ABS Brakes|Air Conditioning|Alloy Wheels|AM/FM Stereo|Automatic Headlight|Backup Camera|Bluetooth|Climate Control|Cloth Interior|Cruise Control|Cup Holder|Daytime Running Lights|Driver Side Airbag|Dual impact Airbags|Fog Lights|Low Tire Pressure Warning|Multi-Zone A/C|Navigation System|Parking Sensor|Passenger Airbag|Power Locks|Power Mirrors|Power Steering|Power Windows|Rear Window Defroster|Rear Windows Wiper|Satellite Radio|Side Airbag|Tilt Steering|Traction Control|Trip Odometer","5","active","Ford","Escape","1FMCU9GD2HUC15698","2017","Orange","","4","Automatic","Internal Combustion","13999"
"1242","","Auto Quest Group 56 Toro Rd North York, Ontario M3J 2A8","1VWAA7A30JC018482","9.3L/100Km","6.5L/100Km","Volkswagen","Passat","4 Cylinder FWD","2018","","62750","Gas","used","FWD","White","Black","4 Cylinder","2.0L","","","16888","https://autobunny-docs.s3.ca-central-1.amazonaws.com/1098/car/forsale/images/2020/09/pic-8ec9bbc679e7c96e9f660e1b51a8f02d.jpg,https://autobunny-docs.s3.ca-central-1.amazonaws.com/1098/car/forsale/images/2020/09/pic-9c8e5b57121ba413cccbe9b625e1b903.jpg,https://autobunny-docs.s3.ca-central-1.amazonaws.com/1098/car/forsale/images/2020/09/pic-0e9b0d18530833d15da275271566a073.jpg,https://autobunny-docs.s3.ca-central-1.amazonaws.com/1098/car/forsale/images/2020/09/pic-9a8e46575fa3e437c4ff95c49754a4f6.jpg,https://autobunny-docs.s3.ca-central-1.amazonaws.com/1098/car/forsale/images/2020/09/pic-818bafa414ba4ee9fd1e21a76ede6f2b.jpg,https://autobunny-docs.s3.ca-central-1.amazonaws.com/1098/car/forsale/images/2020/09/pic-66a1fbe1dba0c638ecb094392e0bffbc.jpg,https://autobunny-docs.s3.ca-central-1.amazonaws.com/1098/car/forsale/images/2020/09/pic-ee0cdf9c163e1ae3a76c60380a789f2c.jpg","Automatic","","ABS Brakes|Air Conditioning|Alloy Wheels|AM/FM Stereo|Automatic Headlight|Backup Camera|Bluetooth|CD Player|Climate Control|Cruise Control|Cup Holder|Daytime Running Lights|Digital Clock|Driver Side Airbag|Dual impact Airbags|Entertainment System|Heated Exterior Mirrors|Heated Seats|Keyless Entry|Low Tire Pressure Warning|Passenger Airbag|Power Locks|Power Mirrors|Power Steering|Power Windows|Power-Assist Disc Brakes|Rear Window Defroster|Side Airbag|Tinted Glass|Traction Control|Trip Odometer","","active","Volkswagen","Passat","1VWAA7A30JC018482","2018","White","","4","Automatic","Internal Combustion","16888"
"1243","","Auto Quest Group 56 Toro Rd North York, Ontario M3J 2A8","2GNFLEEK9D6379450","10.1L/100Km","6.9L/100Km","Chevrolet","Equinox","4 Cylinder AWD","2013","","160000","Gas","used","AWD","Black","Black","4 Cylinder","2.4L","","5","9999","https://autobunny-docs.s3.ca-central-1.amazonaws.com/1098/car/forsale/images/2020/09/pic-38aa6be0bc3bf4f225ecc49cf51452cb.jpg,https://autobunny-docs.s3.ca-central-1.amazonaws.com/1098/car/forsale/images/2020/09/pic-6cdb355030d5eb96cfe0f76e6f4f8d9a.jpg,https://autobunny-docs.s3.ca-central-1.amazonaws.com/1098/car/forsale/images/2020/09/pic-b345beb01c10e325e4b44d285b06c190.jpg,https://autobunny-docs.s3.ca-central-1.amazonaws.com/1098/car/forsale/images/2020/09/pic-9b946df221a111730d9ee091f2efc5f0.jpg,https://autobunny-docs.s3.ca-central-1.amazonaws.com/1098/car/forsale/images/2020/09/pic-c884eac0a258bd12df7825ccc5055ac3.jpg,https://autobunny-docs.s3.ca-central-1.amazonaws.com/1098/car/forsale/images/2020/09/pic-fceb76b4592af4faa5f0a877670fb91e.jpg,https://autobunny-docs.s3.ca-central-1.amazonaws.com/1098/car/forsale/images/2020/09/pic-b219cad95ef1b801cc8b61658f1253c2.jpg,https://autobunny-docs.s3.ca-central-1.amazonaws.com/1098/car/forsale/images/2020/09/pic-d5ff5b9de6e4cd92893bb6ddcef53b16.jpg","Automatic","","Air Conditioning|Alloy Wheels|AM/FM Stereo|Automatic Headlight|CD Player|Climate Control|Cruise Control|Cup Holder|Daytime Running Lights|Driver Side Airbag|Dual impact Airbags|Keyless Entry|Low Tire Pressure Warning|Power Locks|Power Mirrors|Power Seat|Power Steering|Power Windows|Power-Assist Disc Brakes|Rear Window Defroster|Rear Windows Wiper|Side Airbag|Tinted Glass|Traction Control|Trip Odometer","5","active","Chevrolet","Equinox","2GNFLEEK9D6379450","2013","Black","","4","Automatic","Internal Combustion","9999"
"1248","","Auto Quest Group 56 Toro Rd North York, Ontario M3J 2A8","4USFE83527LY66867","15.9L/100Km","10.2L/100Km","BMW","X5","8 Cylinder AWD","2007","","220303","Gas","used","AWD","Gray","Black","8 Cylinder","4.8L","","5","6999","https://autobunny-docs.s3.ca-central-1.amazonaws.com/1098/car/forsale/images/2020/09/pic-86d8e9adedda2447e0cdf7762f17521d.jpg,https://autobunny-docs.s3.ca-central-1.amazonaws.com/1098/car/forsale/images/2020/09/pic-3af6498021cdd269ec8e2cfd3c331398.jpg,https://autobunny-docs.s3.ca-central-1.amazonaws.com/1098/car/forsale/images/2020/09/pic-b5c60768269b0d44c59155bb23bd6d3a.jpg,https://autobunny-docs.s3.ca-central-1.amazonaws.com/1098/car/forsale/images/2020/09/pic-c6aa9547263773a32f81e48cc8db649c.jpg,https://autobunny-docs.s3.ca-central-1.amazonaws.com/1098/car/forsale/images/2020/09/pic-ec20984f9fb41ee3a1b2adcb22e08051.jpg,https://autobunny-docs.s3.ca-central-1.amazonaws.com/1098/car/forsale/images/2020/09/pic-cd8f26b1ff87cc374daba03253974ef5.jpg,https://autobunny-docs.s3.ca-central-1.amazonaws.com/1098/car/forsale/images/2020/09/pic-20e43ab8980d972229a26494f07a5f1f.jpg","Automatic","","3rd Row Seating|ABS Brakes|Air Conditioning|Alloy Wheels|AM/FM Stereo|Auto Dimming Mirrors|Automatic Headlight|Backup Camera|Center Arm Rest|Child-Safety Locks|Climate Control|Cruise Control|Cup Holder|Daytime Running Lights|Digital Clock|Driver Side Airbag|Dual impact Airbags|DVD Player|Entertainment System|Fog Lights|Folding Rear Seat|Heated Exterior Mirrors|Heated Seats|Leather Seats|Leather Steering Wheels|Low Tire Pressure Warning|Memory Seat|Parking Sensor|Passenger Airbag|Power Mirrors|Power Seat|Power Windows|Rear Window Defroster|Remote Trunk Release|Side Airbag|Sunroof/Moonroof|Tilt Steering|Traction Control|Trip Odometer|Xenon Headlights","5","active","BMW","X5","4USFE83527LY66867","2007","Gray","","4","Automatic","Internal Combustion","6999"
"1252","","Auto Quest Group 56 Toro Rd North York, Ontario M3J 2A8","5NPE24AF8JH696668","9.8L/100Km","6.9L/100Km","Hyundai","Sonata","4 Cylinder FWD","2018","","15440","Gas","used","FWD","Black","Black","4 Cylinder","2.4L","","5","17999","https://autobunny-docs.s3.ca-central-1.amazonaws.com/1098/car/forsale/images/2020/09/pic-2b7f611581712c803c8c8f92b2e4c9be.jpg,https://autobunny-docs.s3.ca-central-1.amazonaws.com/1098/car/forsale/images/2020/09/pic-eaa6474cd7ee8c6df0438e6f7c83475c.jpg,https://autobunny-docs.s3.ca-central-1.amazonaws.com/1098/car/forsale/images/2020/09/pic-3622f1c773718d16bb917c1e2cd8108d.jpg,https://autobunny-docs.s3.ca-central-1.amazonaws.com/1098/car/forsale/images/2020/09/pic-415d3ed4f06cda777127722ce88e8159.jpg,https://autobunny-docs.s3.ca-central-1.amazonaws.com/1098/car/forsale/images/2020/09/pic-ef98eba43fe8a64a4f427ce7b201bc35.jpg,https://autobunny-docs.s3.ca-central-1.amazonaws.com/1098/car/forsale/images/2020/09/pic-13784659fad66ce57bbf08255c48ffb3.jpg,https://autobunny-docs.s3.ca-central-1.amazonaws.com/1098/car/forsale/images/2020/09/pic-3bcc7dff6e42706c1002b2e16cfdc2ce.jpg,https://autobunny-docs.s3.ca-central-1.amazonaws.com/1098/car/forsale/images/2020/09/pic-1c895a192a26a4e99991f4d55443f000.jpg,https://autobunny-docs.s3.ca-central-1.amazonaws.com/1098/car/forsale/images/2020/09/pic-b03479ec3af638d3f38b06974114a070.jpg,https://autobunny-docs.s3.ca-central-1.amazonaws.com/1098/car/forsale/images/2020/09/pic-4baba57950e927d930445e35c782754b.jpg,https://autobunny-docs.s3.ca-central-1.amazonaws.com/1098/car/forsale/images/2020/09/pic-c20b72f38d1d210a2d964b200a13d465.jpg","Automatic","","ABS Brakes|Air Conditioning|Alloy Wheels|AM/FM Stereo|Automatic Headlight|Backup Camera|Bluetooth|CD Player|Cloth Interior|Cruise Control|Cup Holder|Daytime Running Lights|Digital Clock|Driver Side Airbag|Entertainment System|Fog Lights|Heated Exterior Mirrors|Heated Seats|Leather Steering Wheels|Passenger Airbag|Power Locks|Power Mirrors|Power Windows|Rear Window Defroster|Remote Trunk Release|Side Airbag|Tinted Glass|Traction Control|Trip Odometer","5","active","Hyundai","Sonata","5NPE24AF8JH696668","2018","Black","","4","Automatic","Internal Combustion","17999"
"1253","","Auto Quest Group 56 Toro Rd North York, Ontario M3J 2A8","1G1JC5SH1E4111208","8.3L/100Km","5.5L/100Km","Chevrolet","Sonic","4 Cylinder FWD","2014","","73927","Gas","used","FWD","Blue","Black","4 Cylinder","1.8L","","5","8900","https://autobunny-docs.s3.ca-central-1.amazonaws.com/1098/car/forsale/images/2020/09/pic-e8abbbec54d8d7ca6c2bb5d0b20fad82.jpg,https://autobunny-docs.s3.ca-central-1.amazonaws.com/1098/car/forsale/images/2020/09/pic-7933df0799c81d42c569c5e705232074.jpg,https://autobunny-docs.s3.ca-central-1.amazonaws.com/1098/car/forsale/images/2020/09/pic-037be2007ce4f2ed9c9c0f3f50120afe.jpg,https://autobunny-docs.s3.ca-central-1.amazonaws.com/1098/car/forsale/images/2020/09/pic-366f813c28cf8a90ba52ca61c974d807.jpg,https://autobunny-docs.s3.ca-central-1.amazonaws.com/1098/car/forsale/images/2020/09/pic-07dc0a84dfaebfeea5ab15b0698050b1.jpg,https://autobunny-docs.s3.ca-central-1.amazonaws.com/1098/car/forsale/images/2020/09/pic-a139d7a7c060a0cbe6eca5809b0aba0d.jpg,https://autobunny-docs.s3.ca-central-1.amazonaws.com/1098/car/forsale/images/2020/09/pic-199c2adceae0551dcd5b9380fe0e4531.jpg","Automatic","","ABS Brakes|Air Conditioning|AM/FM Stereo|CD Player|Cruise Control|Cup Holder|Daytime Running Lights|Digital Clock|Driver Side Airbag|Passenger Airbag|Power Locks|Power Mirrors|Power Steering|Power Windows|Rear Window Defroster|Remote Trunk Release|Satellite Radio|Side Airbag|Traction Control|Trip Odometer","5","active","Chevrolet","Sonic","1G1JC5SH1E4111208","2014","Blue","","4","Automatic","Internal Combustion","8900"
"1256","","Auto Quest Group 56 Toro Rd North York, Ontario M3J 2A8","WBANW53598CT48105","14L/100Km","9.1L/100Km","BMW","5 Series","8 Cylinder RWD","2008","","195793","Gas","used","RWD","Dark Grey","Black","8 Cylinder","4.8L","","","89999999","https://autobunny-docs.s3.ca-central-1.amazonaws.com/1098/car/forsale/images/2020/09/pic-346b78547421ee770549eb954d7434ee.jpg,https://autobunny-docs.s3.ca-central-1.amazonaws.com/1098/car/forsale/images/2020/09/pic-f5adbf1ae9da922a3c36899bc3d15ac3.jpg,https://autobunny-docs.s3.ca-central-1.amazonaws.com/1098/car/forsale/images/2020/09/pic-dabc7c7082eded4d39ae33599aeaf2ed.jpg,https://autobunny-docs.s3.ca-central-1.amazonaws.com/1098/car/forsale/images/2020/09/pic-e28ddb4022fe593fc9fd0e554f37b13e.jpg,https://autobunny-docs.s3.ca-central-1.amazonaws.com/1098/car/forsale/images/2020/09/pic-1b0c72502e55e360ca6389e8690967ab.jpg,https://autobunny-docs.s3.ca-central-1.amazonaws.com/1098/car/forsale/images/2020/09/pic-2b18f35412983a66cafe796912a644ec.jpg,https://autobunny-docs.s3.ca-central-1.amazonaws.com/1098/car/forsale/images/2020/09/pic-3e342ca8828d5a85ef0676dbd990b52d.jpg,https://autobunny-docs.s3.ca-central-1.amazonaws.com/1098/car/forsale/images/2020/09/pic-d9f98af3d7fa8562444393156500abee.jpg,https://autobunny-docs.s3.ca-central-1.amazonaws.com/1098/car/forsale/images/2020/09/pic-100b0f031bcfca8fc7c3928462869627.jpg,https://autobunny-docs.s3.ca-central-1.amazonaws.com/1098/car/forsale/images/2020/09/pic-7ae292124abd4d92522da5163d8c481d.jpg,https://autobunny-docs.s3.ca-central-1.amazonaws.com/1098/car/forsale/images/2020/09/pic-d6da02305dc5e4ee8bb4de930cb4e07f.jpg","Automatic","","ABS Brakes|Alloy Wheels|AM/FM Stereo|Auto Dimming Mirrors|Center Arm Rest|Child-Safety Locks|Climate Control|Cruise Control|Cup Holder|Daytime Running Lights|Driver Side Airbag|Electronic  Stability Control|Heated Exterior Mirrors|Heated Seats|Keyless Entry|Leather Seats|Leather Steering Wheels|Memory Seat|Parking Sensor|Passenger Airbag|Power Locks|Power Mirrors|Power Seat|Power Steering|Power Windows|Remote Trunk Release|Sunroof/Moonroof|Traction Control|Trip Odometer|Wood Trim Interior|Xenon Headlights","","active","BMW","5 Series","WBANW53598CT48105","2008","Dark Grey","","4","Automatic","Internal Combustion","89999999"
"1263","","Auto Quest Group 56 Toro Rd North York, Ontario M3J 2A8","5NPE24AF5GH270123","9.4L/100Km","6.5L/100Km","Hyundai","Sonata","4 Cylinder FWD","2016","","64734","Gas","used","FWD","White","Black","4 Cylinder","2.4L","","","12999","https://autobunny-docs.s3.ca-central-1.amazonaws.com/1098/car/forsale/images/2020/05/pic-aa764f23276c76f07e13f7a66e0be69b.jpg,https://autobunny-docs.s3.ca-central-1.amazonaws.com/1098/car/forsale/images/2020/05/pic-b406255c21d17fe25a0b8cb3f9b61bb6.jpg,https://autobunny-docs.s3.ca-central-1.amazonaws.com/1098/car/forsale/images/2020/05/pic-f8ec78ee213d30540f6afb174585283a.jpg,https://autobunny-docs.s3.ca-central-1.amazonaws.com/1098/car/forsale/images/2020/05/pic-d92810d8dd40fa4106318a12f2ed1f42.jpg,https://autobunny-docs.s3.ca-central-1.amazonaws.com/1098/car/forsale/images/2020/05/pic-b6caef2a34880804dba15a4463dbf3c6.jpg,https://autobunny-docs.s3.ca-central-1.amazonaws.com/1098/car/forsale/images/2020/05/pic-941cab5afb47bb86e6a6b11f3e00dd21.jpg","Automatic","","ABS Brakes|Air Conditioning|Alloy Wheels|AM/FM Stereo|Backup Camera|Bluetooth|CD Player|Cruise Control|Cup Holder|Digital Clock|Driver Side Airbag|Entertainment System|Heated Exterior Mirrors|Keyless Entry|Passenger Airbag|Power Locks|Power Mirrors|Power-Assist Disc Brakes|Rear Window Defroster|Tinted Glass|Traction Control|Trip Odometer","","active","Hyundai","Sonata","5NPE24AF5GH270123","2016","White","","4","Automatic","Internal Combustion","12999"
"1262","","Auto Quest Group 56 Toro Rd North York, Ontario M3J 2A8","WBAWR33549P460160","13.8L/100Km","8.7L/100Km","BMW","3 Series","6 Cylinder RWD","2009","","127978","Gas","used","RWD","White","Beige","6 Cylinder","3.0L","","5","13888","https://autobunny-docs.s3.ca-central-1.amazonaws.com/1098/car/forsale/images/2020/09/pic-dd4c3a36e29ab2c0a05d250878e09bee.jpg,https://autobunny-docs.s3.ca-central-1.amazonaws.com/1098/car/forsale/images/2020/03/pic-8a738b4212270b6cb0008cf1c22ca5c4.jpg,https://autobunny-docs.s3.ca-central-1.amazonaws.com/1098/car/forsale/images/2020/03/pic-d8c62feb202f3949e65bb4fd37d5189b.jpg,https://autobunny-docs.s3.ca-central-1.amazonaws.com/1098/car/forsale/images/2020/03/pic-8ff13700dc119545e6eda19ebdd359cd.jpg,https://autobunny-docs.s3.ca-central-1.amazonaws.com/1098/car/forsale/images/2020/03/pic-8dd33192449cf45392c9cbdad13c8a5a.jpg,https://autobunny-docs.s3.ca-central-1.amazonaws.com/1098/car/forsale/images/2020/03/pic-c92c3d47499c2312121212421af4e9b8.jpg,https://autobunny-docs.s3.ca-central-1.amazonaws.com/1098/car/forsale/images/2020/03/pic-64beb6411033ad80c77641884bc9080a.jpg,https://autobunny-docs.s3.ca-central-1.amazonaws.com/1098/car/forsale/images/2020/03/pic-d99f9b93ba3df33bb8f38704dbc41a19.jpg,https://autobunny-docs.s3.ca-central-1.amazonaws.com/1098/car/forsale/images/2020/03/pic-c7d34cf12d8a47b0d8d19bef3b9d8239.jpg,https://autobunny-docs.s3.ca-central-1.amazonaws.com/1098/car/forsale/images/2020/03/pic-3bfe9145f17ba804341ba43d1ef6eb2f.jpg,https://autobunny-docs.s3.ca-central-1.amazonaws.com/1098/car/forsale/images/2020/03/pic-af13ec5c1ecce59567d01150a0621103.jpg","Automatic","","ABS Brakes|Alloy Wheels|AM/FM Stereo|CD Player|Center Arm Rest|Cruise Control|Cup Holder|Entertainment System|Folding Rear Seat|Heated Exterior Mirrors|Keyless Entry|Leather Seats|Leather Steering Wheels|Memory Seat|Passenger Airbag|Rain Sensor Wipers|Satellite Radio|Tilt Steering|Traction Control|Xenon Headlights","5","active","BMW","3 Series","WBAWR33549P460160","2009","White","","2","Automatic","Internal Combustion","13888"
"1235","","Auto Quest Group 56 Toro Rd North York, Ontario M3J 2A8","2T3R1RFV4KC055949","9.2L/100Km","7.1L/100Km","Toyota","RAV4","4 Cylinder AWD","2019","","28980","Gas","used","AWD","Blue","Black","4 Cylinder","2.5L","","5","28888","https://autobunny-docs.s3.ca-central-1.amazonaws.com/1098/car/forsale/images/2020/10/pic-c2bd39c38474a06ce35cd93e97bccd12.jpg,https://autobunny-docs.s3.ca-central-1.amazonaws.com/1098/car/forsale/images/2020/10/pic-bdd34bdc97030eedb4ef773cb2364f54.jpg,https://autobunny-docs.s3.ca-central-1.amazonaws.com/1098/car/forsale/images/2020/10/pic-826c34543b08d9be44fd301dbe22149c.jpg,https://autobunny-docs.s3.ca-central-1.amazonaws.com/1098/car/forsale/images/2020/10/pic-c554cf84658191cc77be977df6c19114.jpg,https://autobunny-docs.s3.ca-central-1.amazonaws.com/1098/car/forsale/images/2020/10/pic-b53876cd569c52b8ace9bf705c545478.jpg,https://autobunny-docs.s3.ca-central-1.amazonaws.com/1098/car/forsale/images/2020/10/pic-cc387df3455ff1a63bb2e3e06bc2e684.jpg,https://autobunny-docs.s3.ca-central-1.amazonaws.com/1098/car/forsale/images/2020/10/pic-72967644606f9f0a00afcd161c5fb878.jpg,https://autobunny-docs.s3.ca-central-1.amazonaws.com/1098/car/forsale/images/2020/10/pic-df9c878cc909f25a6f86bad41196dfbe.jpg,https://autobunny-docs.s3.ca-central-1.amazonaws.com/1098/car/forsale/images/2020/10/pic-71386653d6fee8f530c9a75382e01c41.jpg,https://autobunny-docs.s3.ca-central-1.amazonaws.com/1098/car/forsale/images/2020/10/pic-d54220a6bb57a36d95c49803e57211f1.jpg,https://autobunny-docs.s3.ca-central-1.amazonaws.com/1098/car/forsale/images/2020/10/pic-4c36222b4893a127a3156644d9570171.jpg,https://autobunny-docs.s3.ca-central-1.amazonaws.com/1098/car/forsale/images/2020/10/pic-f258803df4cd721dbc97bec336baa3bf.jpg,https://autobunny-docs.s3.ca-central-1.amazonaws.com/1098/car/forsale/images/2020/10/pic-7ad60c53b806bf4fee5ae5a21e43a562.jpg,https://autobunny-docs.s3.ca-central-1.amazonaws.com/1098/car/forsale/images/2020/10/pic-fccdb315f1c9bd73db7f90dbab5bb698.jpg,https://autobunny-docs.s3.ca-central-1.amazonaws.com/1098/car/forsale/images/2020/10/pic-97563fe47e2932df3643f70b14eab6d9.jpg","Automatic","","ABS Brakes|Air Conditioning|Alloy Wheels|AM/FM Stereo|Automatic Headlight|Backup Camera|Bluetooth|CD Player|Climate Control|Cloth Interior|Cruise Control|Cup Holder|Daytime Running Lights|Digital Clock|Driver Side Airbag|Dual impact Airbags|Entertainment System|Fog Lights|Heated Exterior Mirrors|Heated Seats|Keyless Entry|Low Tire Pressure Warning|Passenger Airbag|Power Locks|Power Mirrors|Power Steering|Power Windows|Power-Assist Disc Brakes|Rear Window Defroster|Sunroof/Moonroof|Tilt Steering|Tinted Glass|Traction Control|Trip Odometer","5","active","Toyota","RAV4","2T3R1RFV4KC055949","2019","Blue","","4","Automatic","Internal Combustion","28888"
"1246","","Auto Quest Group 56 Toro Rd North York, Ontario M3J 2A8","WDDGF52X78F141232","11.8L/100Km","7.4L/100Km","Mercedes-Benz","C-Class","6 Cylinder RWD","2008","","170490","Gas","used","RWD","White","Black","6 Cylinder","2.5L","","5","49995999","https://autobunny-docs.s3.ca-central-1.amazonaws.com/1098/car/forsale/images/2020/09/pic-9be9703f3e0cce977b14d9802f33b660.jpg,https://autobunny-docs.s3.ca-central-1.amazonaws.com/1098/car/forsale/images/2020/09/pic-a518e5f45f4128179bff90080187d932.jpg,https://autobunny-docs.s3.ca-central-1.amazonaws.com/1098/car/forsale/images/2020/09/pic-1ec85c4bec5e4dc3f7f6ecf32ce07346.jpg,https://autobunny-docs.s3.ca-central-1.amazonaws.com/1098/car/forsale/images/2020/09/pic-3f5a79bf26f324c60846d4345cee55fe.jpg,https://autobunny-docs.s3.ca-central-1.amazonaws.com/1098/car/forsale/images/2020/09/pic-593d9c96fbb835fc788894c49c885d02.jpg","Manual","","ABS Brakes|Air Conditioning|Alloy Wheels|AM/FM Stereo|Automatic Headlight|Center Arm Rest|Climate Control|Cruise Control|Daytime Running Lights|Driver Side Airbag|Dual impact Airbags|Fog Lights|Folding Rear Seat|Heated Exterior Mirrors|Heated Seats|Leather Seats|Leather Steering Wheels|Low Tire Pressure Warning|Passenger Airbag|Power Locks|Power Mirrors|Power Seat|Power Steering|Power Windows|Power-Assist Disc Brakes|Rear Window Defroster|Remote Trunk Release|Side Airbag|Sunroof/Moonroof|Tinted Glass|Traction Control|Trip Odometer","5","active","Mercedes-Benz","C-Class","WDDGF52X78F141232","2008","White","","4","Manual","Internal Combustion","49995999"
"1237","","Auto Quest Group 56 Toro Rd North York, Ontario M3J 2A8","1FMCU9GD3HUC90572","10.7L/100Km","8.3L/100Km","Ford","Escape","4 Cylinder FWD","2017","","126608","Gas","used","FWD","Black","Black","4 Cylinder","1.5L","","5","15900","https://autobunny-docs.s3.ca-central-1.amazonaws.com/1098/car/forsale/images/2020/10/pic-7c4333901c4fd72e146d58f0ebf2034f.jpg,https://autobunny-docs.s3.ca-central-1.amazonaws.com/1098/car/forsale/images/2020/10/pic-75b35031457985afa7c6a75a21629549.jpg,https://autobunny-docs.s3.ca-central-1.amazonaws.com/1098/car/forsale/images/2020/10/pic-c80e1587719b593301b06cb958787471.jpg,https://autobunny-docs.s3.ca-central-1.amazonaws.com/1098/car/forsale/images/2020/10/pic-5e060d044685d1c6306e4eb3cc157c61.jpg,https://autobunny-docs.s3.ca-central-1.amazonaws.com/1098/car/forsale/images/2020/10/pic-a6ce787c4486b1d9726a43025ce43584.jpg,https://autobunny-docs.s3.ca-central-1.amazonaws.com/1098/car/forsale/images/2020/10/pic-c03084ebfe4eec8e8ea80f7c8380fc55.jpg,https://autobunny-docs.s3.ca-central-1.amazonaws.com/1098/car/forsale/images/2020/10/pic-7a8a395fe17a6e2ea734bc8302dcec32.jpg,https://autobunny-docs.s3.ca-central-1.amazonaws.com/1098/car/forsale/images/2020/10/pic-6af817c721b673357d09064f6e992d3d.jpg,https://autobunny-docs.s3.ca-central-1.amazonaws.com/1098/car/forsale/images/2020/10/pic-6bf5e4bcf0f9a215b7e6e85e3dd8f3fc.jpg","Automatic","","ABS Brakes|Air Conditioning|Alloy Wheels|AM/FM Stereo|Automatic Headlight|Backup Camera|Bluetooth|CD Player|Child-Safety Locks|Climate Control|Cloth Interior|Cruise Control|Cup Holder|Daytime Running Lights|Digital Clock|Driver Side Airbag|Dual impact Airbags|Electronic  Stability Control|Entertainment System|Fog Lights|Keyless Entry|Low Tire Pressure Warning|Navigation System|Passenger Airbag|Power Locks|Power Mirrors|Power Steering|Power Windows|Premium Audio|Rear Window Defroster|Rear Windows Wiper|Satellite Radio|Side Airbag|Tilt Steering|Tinted Glass|Traction Control|Trip Odometer","5","active","Ford","Escape","1FMCU9GD3HUC90572","2017","Black","","4","Automatic","Internal Combustion","15900"
"1241","","Auto Quest Group 56 Toro Rd North York, Ontario M3J 2A8","5NPE24AF5HH589099","9.4L/100Km","6.7L/100Km","Hyundai","Sonata","4 Cylinder FWD","2017","","76831","Gas","used","FWD","White","Black","4 Cylinder","2.4L","","5","13999","https://autobunny-docs.s3.ca-central-1.amazonaws.com/1098/car/forsale/images/2020/09/pic-3a4ce154f7c357804b2da7c8e8237b35.jpg,https://autobunny-docs.s3.ca-central-1.amazonaws.com/1098/car/forsale/images/2020/09/pic-75699fbedf0aa4cf2542699d20b7bc05.jpg,https://autobunny-docs.s3.ca-central-1.amazonaws.com/1098/car/forsale/images/2020/09/pic-e8133efc1be288d9f095399916cdab54.jpg,https://autobunny-docs.s3.ca-central-1.amazonaws.com/1098/car/forsale/images/2020/09/pic-33a9bcce0ef888045cdf57f33fcb36c3.jpg,https://autobunny-docs.s3.ca-central-1.amazonaws.com/1098/car/forsale/images/2020/09/pic-615b76d503f0a66c8d3604a0c4158828.jpg,https://autobunny-docs.s3.ca-central-1.amazonaws.com/1098/car/forsale/images/2020/09/pic-08bb275efb62f9b0fb7c5b646bea3888.jpg,https://autobunny-docs.s3.ca-central-1.amazonaws.com/1098/car/forsale/images/2020/09/pic-956c30b96bd0e400df92eac591cb80e8.jpg,https://autobunny-docs.s3.ca-central-1.amazonaws.com/1098/car/forsale/images/2020/09/pic-374cf95e6edc12d400f7c0eebdb631a8.jpg","Automatic","","ABS Brakes|Air Conditioning|Alloy Wheels|AM/FM Stereo|Automatic Headlight|Backup Camera|Bluetooth|CD Player|Cruise Control|Cup Holder|Digital Clock|Driver Side Airbag|Entertainment System|Heated Exterior Mirrors|Heated Seats|Keyless Entry|Passenger Airbag|Power Locks|Power Mirrors|Power Steering|Power Windows|Power-Assist Disc Brakes|Rear Window Defroster|Tinted Glass|Traction Control|Trip Odometer","5","active","Hyundai","Sonata","5NPE24AF5HH589099","2017","White","","4","Automatic","Internal Combustion","13999"
"1238","","Auto Quest Group 56 Toro Rd North York, Ontario M3J 2A8","2C4RDGBG0KR584150","13.7L/100Km","9.4L/100Km","Dodge","Grand Caravan","6 Cylinder FWD","2019","","142915","Gas","used","FWD","White","Black","6 Cylinder","3.6L","","","16900","https://autobunny-docs.s3.ca-central-1.amazonaws.com/1098/car/forsale/images/2020/10/pic-b98c90017db63fff51aacae2ff10ea9a.jpg,https://autobunny-docs.s3.ca-central-1.amazonaws.com/1098/car/forsale/images/2020/10/pic-d650e04424d76e943b590d533cb39e92.jpg,https://autobunny-docs.s3.ca-central-1.amazonaws.com/1098/car/forsale/images/2020/10/pic-88e4693ae8c32f35cd0d001935f76c03.jpg,https://autobunny-docs.s3.ca-central-1.amazonaws.com/1098/car/forsale/images/2020/10/pic-9c20dff84f4e45882584a0584246767d.jpg,https://autobunny-docs.s3.ca-central-1.amazonaws.com/1098/car/forsale/images/2020/10/pic-e968a88a96e91048e1b24ef1eb8c7188.jpg,https://autobunny-docs.s3.ca-central-1.amazonaws.com/1098/car/forsale/images/2020/10/pic-ecd47c55690bfb787bd4624e80a1a4a3.jpg,https://autobunny-docs.s3.ca-central-1.amazonaws.com/1098/car/forsale/images/2020/10/pic-e98bb840658816130b8f148aa4471e09.jpg,https://autobunny-docs.s3.ca-central-1.amazonaws.com/1098/car/forsale/images/2020/10/pic-3b5dedaf46f240933f4afaca537e9b3b.jpg","Automatic","","3rd Row Seating|ABS Brakes|Air Conditioning|AM/FM Stereo|CD Player|Cloth Interior|Cruise Control|Daytime Running Lights|Digital Clock|Driver Side Airbag|Dual impact Airbags|Folding Rear Seat|Heated Exterior Mirrors|Low Tire Pressure Warning|Passenger Airbag|Power Locks|Power Mirrors|Power Steering|Power Windows|Rear Window Defroster|Rear Windows Wiper|Side Airbag|Traction Control|Trip Odometer","","active","Dodge","Grand Caravan","2C4RDGBG0KR584150","2019","White","","4","Automatic","Internal Combustion","16900"
"1240","","Auto Quest Group 56 Toro Rd North York, Ontario M3J 2A8","2FMPK4J90JBB76085","11.9L/100Km","8.7L/100Km","Ford","Edge","4 Cylinder AWD","2018","","130445","Gas","used","AWD","White","Black","4 Cylinder","2.0L","","","20995","https://autobunny-docs.s3.ca-central-1.amazonaws.com/1098/car/forsale/images/2020/10/pic-5d83d3facabe77d2ee663d91b251bc92.jpg,https://autobunny-docs.s3.ca-central-1.amazonaws.com/1098/car/forsale/images/2020/10/pic-e261937d38361e5f9a1b6c71385e971e.jpg,https://autobunny-docs.s3.ca-central-1.amazonaws.com/1098/car/forsale/images/2020/10/pic-97cf31bd88fd3e205b4d09834ca028d7.jpg,https://autobunny-docs.s3.ca-central-1.amazonaws.com/1098/car/forsale/images/2020/10/pic-27580db64ce707bf8a9262e57a6a3671.jpg,https://autobunny-docs.s3.ca-central-1.amazonaws.com/1098/car/forsale/images/2020/10/pic-ac217408b3a7828b3dd29f8a44a312c7.jpg,https://autobunny-docs.s3.ca-central-1.amazonaws.com/1098/car/forsale/images/2020/10/pic-608386fe1e056e5c19630620f6218c3b.jpg,https://autobunny-docs.s3.ca-central-1.amazonaws.com/1098/car/forsale/images/2020/10/pic-ff920d3111306a93b2a14c27768218d1.jpg,https://autobunny-docs.s3.ca-central-1.amazonaws.com/1098/car/forsale/images/2020/10/pic-fa4bf4fa2e7fe45c497ee4807050e086.jpg,https://autobunny-docs.s3.ca-central-1.amazonaws.com/1098/car/forsale/images/2020/10/pic-84459a68aef5c7a6b2a26cd570794638.jpg,https://autobunny-docs.s3.ca-central-1.amazonaws.com/1098/car/forsale/images/2020/10/pic-caa53ee2ac9a07ab621a495918e91408.jpg","Automatic","","ABS Brakes|Air Conditioning|Alloy Wheels|AM/FM Stereo|Automatic Headlight|Backup Camera|Bluetooth|CD Player|Center Arm Rest|Climate Control|Cloth Interior|Cruise Control|Cup Holder|Daytime Running Lights|Digital Clock|Driver Side Airbag|Dual impact Airbags|Electronic  Stability Control|Entertainment System|Folding Rear Seat|Heated Exterior Mirrors|Heated Seats|Keyless Entry|Low Tire Pressure Warning|Passenger Airbag|Power Locks|Power Mirrors|Power Seat|Power Steering|Power Windows|Rain Sensor Wipers|Rear Window Defroster|Rear Windows Wiper|Remote Trunk Release|Satellite Radio|Security System|Side Airbag|Tinted Glass|Traction Control|Trip Odometer","","active","Ford","Edge","2FMPK4J90JBB76085","2018","White","","4","Automatic","Internal Combustion","20995"
"1244","","Auto Quest Group 56 Toro Rd North York, Ontario M3J 2A8","2C4RDGBG2DR500722","12.2L/100Km","7.9L/100Km","Dodge","Grand Caravan","6 Cylinder FWD","2013","","80608","Gas","used","FWD","Red","Black","6 Cylinder","3.6L","","","11999","https://autobunny-docs.s3.ca-central-1.amazonaws.com/1098/car/forsale/images/2020/09/pic-f049b59cb4f6af590701bf254a3063b1.jpg,https://autobunny-docs.s3.ca-central-1.amazonaws.com/1098/car/forsale/images/2020/09/pic-83d68e05de433487eb34739c8ca95193.jpg,https://autobunny-docs.s3.ca-central-1.amazonaws.com/1098/car/forsale/images/2020/09/pic-4073c119d18058adb867002e2c8b7cd7.jpg,https://autobunny-docs.s3.ca-central-1.amazonaws.com/1098/car/forsale/images/2020/09/pic-8f4d57b9ea4d0bb2e28aaf4c17ea9907.jpg,https://autobunny-docs.s3.ca-central-1.amazonaws.com/1098/car/forsale/images/2020/09/pic-84887cbfbea0907bcbdac9a10d98af4d.jpg,https://autobunny-docs.s3.ca-central-1.amazonaws.com/1098/car/forsale/images/2020/09/pic-cd635e32a3559257a71669a415164b26.jpg,https://autobunny-docs.s3.ca-central-1.amazonaws.com/1098/car/forsale/images/2020/09/pic-c78467068ceb4cc8956302ccedaab85f.jpg,https://autobunny-docs.s3.ca-central-1.amazonaws.com/1098/car/forsale/images/2020/09/pic-68bf47ad7bb028f1f6defea66b6cb9a2.jpg","Automatic","","3rd Row Seating|ABS Brakes|Air Conditioning|AM/FM Stereo|CD Player|Cloth Interior|Cruise Control|Cup Holder|Daytime Running Lights|Driver Side Airbag|Dual impact Airbags|Folding Rear Seat|Keyless Entry|Low Tire Pressure Warning|Passenger Airbag|Power Locks|Power Mirrors|Power Steering|Power Windows|Rear Windows Wiper|Side Airbag|Tinted Glass|Traction Control|Trip Odometer","","active","Dodge","Grand Caravan","2C4RDGBG2DR500722","2013","Red","","4","Automatic","Internal Combustion","11999"
"1249","","Auto Quest Group 56 Toro Rd North York, Ontario M3J 2A8","3VW2K7AJ9FM294875","10.4L/100Km","7L/100Km","Volkswagen","Jetta Sedan","4 Cylinder FWD","2015","","126691","Gas","used","FWD","White","Black","4 Cylinder","2.0L","","5","9900","https://autobunny-docs.s3.ca-central-1.amazonaws.com/1098/car/forsale/images/2020/09/pic-4762a5a502c7a2bf34dec0e85abb9bf3.jpg,https://autobunny-docs.s3.ca-central-1.amazonaws.com/1098/car/forsale/images/2020/09/pic-af0f0c306db6c10521b102ac387ad210.jpg,https://autobunny-docs.s3.ca-central-1.amazonaws.com/1098/car/forsale/images/2020/09/pic-b167765daff8202d5b4f6263bb6db1be.jpg,https://autobunny-docs.s3.ca-central-1.amazonaws.com/1098/car/forsale/images/2020/09/pic-2be3705ece62e41bd1e7f13ef3204e5f.jpg,https://autobunny-docs.s3.ca-central-1.amazonaws.com/1098/car/forsale/images/2020/09/pic-c611b51e69f825ed598d093268143532.jpg,https://autobunny-docs.s3.ca-central-1.amazonaws.com/1098/car/forsale/images/2020/09/pic-9d9cb1cbd524e0b23a03c895b78d1006.jpg,https://autobunny-docs.s3.ca-central-1.amazonaws.com/1098/car/forsale/images/2020/09/pic-fe8728a8c32455a5be78b7df9b90e614.jpg","Automatic","","ABS Brakes|Air Conditioning|AM/FM Stereo|Backup Camera|Bluetooth|CD Player|Cruise Control|Cup Holder|Daytime Running Lights|Digital Clock|Driver Side Airbag|Dual impact Airbags|Entertainment System|Heated Seats|Keyless Entry|Passenger Airbag|Power Locks|Power Mirrors|Power Steering|Power Windows|Rear Window Defroster|Remote Trunk Release|Satellite Radio|Tilt Steering|Traction Control|Trip Odometer","5","active","Volkswagen","Jetta Sedan","3VW2K7AJ9FM294875","2015","White","","4","Automatic","Internal Combustion","9900"
"1245","","Auto Quest Group 56 Toro Rd North York, Ontario M3J 2A8","5NPE24AFXGH422087","9.4L/100Km","6.5L/100Km","Hyundai","Sonata","4 Cylinder FWD","2016","","51197","Gas","used","FWD","Black","Black","4 Cylinder","2.4L","","5","15800","https://autobunny-docs.s3.ca-central-1.amazonaws.com/1098/car/forsale/images/2020/09/pic-45f8ad9416cb9683fa91593bd18604b3.jpg,https://autobunny-docs.s3.ca-central-1.amazonaws.com/1098/car/forsale/images/2020/09/pic-8a66c19c52d93f4300558fa0266802c8.jpg,https://autobunny-docs.s3.ca-central-1.amazonaws.com/1098/car/forsale/images/2020/09/pic-6b92966a2247fb0878098b258721c3cf.jpg,https://autobunny-docs.s3.ca-central-1.amazonaws.com/1098/car/forsale/images/2020/09/pic-7e4c51f1d769e1ce4a1b4b9aab176085.jpg,https://autobunny-docs.s3.ca-central-1.amazonaws.com/1098/car/forsale/images/2020/09/pic-9ece10a39c57292d8553fc1b8b5e2d73.jpg,https://autobunny-docs.s3.ca-central-1.amazonaws.com/1098/car/forsale/images/2020/09/pic-751509af140c0a9cb5a70f1787efe29b.jpg,https://autobunny-docs.s3.ca-central-1.amazonaws.com/1098/car/forsale/images/2020/09/pic-f9d5f5e1d9632b753bfb326e1110da82.jpg","Automatic","","ABS Brakes|Air Conditioning|Alloy Wheels|AM/FM Stereo|Backup Camera|Bluetooth|CD Player|Cruise Control|Cup Holder|Digital Clock|Driver Side Airbag|Entertainment System|Heated Exterior Mirrors|Heated Seats|Keyless Entry|Passenger Airbag|Power Locks|Power Mirrors|Power Windows|Power-Assist Disc Brakes|Rear Window Defroster|Tinted Glass|Traction Control|Trip Odometer","5","active","Hyundai","Sonata","5NPE24AFXGH422087","2016","Black","","4","Automatic","Internal Combustion","15800"
"1247","","Auto Quest Group 56 Toro Rd North York, Ontario M3J 2A8","WAUGVBFR9AA007135","15.1L/100Km","9.4L/100Km","Audi","S5","8 Cylinder AWD","2010","","216705","Gas","used","AWD","Gray","Brown","8 Cylinder","4.2L","","","999910888","https://autobunny-docs.s3.ca-central-1.amazonaws.com/1098/car/forsale/images/2020/09/pic-1a79c6fab97080e5da3a1e09e34021d7.jpg,https://autobunny-docs.s3.ca-central-1.amazonaws.com/1098/car/forsale/images/2020/09/pic-4705b74e01f3dbf0fd6a2ab00fff3382.jpg,https://autobunny-docs.s3.ca-central-1.amazonaws.com/1098/car/forsale/images/2020/09/pic-3f6bc1cdc8f85d49147541405b2606ba.jpg,https://autobunny-docs.s3.ca-central-1.amazonaws.com/1098/car/forsale/images/2020/09/pic-ae560874b70372599defe4824db62cca.jpg,https://autobunny-docs.s3.ca-central-1.amazonaws.com/1098/car/forsale/images/2020/09/pic-32ad46d480a7676f6ed1cea65cca56dc.jpg,https://autobunny-docs.s3.ca-central-1.amazonaws.com/1098/car/forsale/images/2020/09/pic-7e5f9bcf69e9f22098e69255596a8cfa.jpg,https://autobunny-docs.s3.ca-central-1.amazonaws.com/1098/car/forsale/images/2020/09/pic-e9811d0ec9c30b2d0b75566cce03d62c.jpg,https://autobunny-docs.s3.ca-central-1.amazonaws.com/1098/car/forsale/images/2020/09/pic-a7f5bf5b8564cd69bfe9c7ce4a7fdd0c.jpg","Manual","","ABS Brakes|Air Conditioning|Alloy Wheels|AM/FM Stereo|Auto Dimming Mirrors|Automatic Headlight|Bluetooth|CD Player|Climate Control|Cruise Control|Cup Holder|Daytime Running Lights|Driver Side Airbag|Dual impact Airbags|Entertainment System|Fog Lights|Heated Exterior Mirrors|Heated Seats|Keyless Entry|Leather Steering Wheels|Low Tire Pressure Warning|Passenger Airbag|Power Mirrors|Power Seat|Power Windows|Premium Audio|Rear Window Defroster|Remote Trunk Release|Sunroof/Moonroof|Tilt Steering|Tinted Glass|Traction Control|Trip Odometer","","active","Audi","S5","WAUGVBFR9AA007135","2010","Gray","","2","Manual","Internal Combustion","999910888"
"1250","","Auto Quest Group 56 Toro Rd North York, Ontario M3J 2A8","5NPE24AF5HH587904","9.4L/100Km","6.7L/100Km","Hyundai","Sonata","4 Cylinder FWD","2017","","57360","Gas","used","FWD","Silver","Black","4 Cylinder","2.4L","","","15888","https://autobunny-docs.s3.ca-central-1.amazonaws.com/1098/car/forsale/images/2020/03/pic-4f3e5a596eb6ac08ad63068df31dcb86.jpg,https://autobunny-docs.s3.ca-central-1.amazonaws.com/1098/car/forsale/images/2020/03/pic-7bd2f82f11b434cb8abae35100637031.jpg,https://autobunny-docs.s3.ca-central-1.amazonaws.com/1098/car/forsale/images/2020/03/pic-a1d9714298c09ae5ab8497a7ec28a28b.jpg,https://autobunny-docs.s3.ca-central-1.amazonaws.com/1098/car/forsale/images/2020/03/pic-8e01362b65b98dcdd4ed19853cfd2693.jpg,https://autobunny-docs.s3.ca-central-1.amazonaws.com/1098/car/forsale/images/2020/03/pic-232d790fe17d1643141d0d93b893ae98.jpg,https://autobunny-docs.s3.ca-central-1.amazonaws.com/1098/car/forsale/images/2020/03/pic-979127522722d03616834afd9a483f16.jpg,https://autobunny-docs.s3.ca-central-1.amazonaws.com/1098/car/forsale/images/2020/03/pic-9b74e7a9a73391717229d4b0fed0c835.jpg,https://autobunny-docs.s3.ca-central-1.amazonaws.com/1098/car/forsale/images/2020/03/pic-69ffa10a4091ce52aaf703010c38a8b5.jpg,https://autobunny-docs.s3.ca-central-1.amazonaws.com/1098/car/forsale/images/2020/03/pic-f8e552448f9420e9095573603a61bf81.jpg,https://autobunny-docs.s3.ca-central-1.amazonaws.com/1098/car/forsale/images/2020/03/pic-59e6bcc4b7c93f6bcd1da2f236d5049a.jpg","Automatic","","ABS Brakes|Air Conditioning|Alloy Wheels|AM/FM Stereo|Backup Camera|Bluetooth|CD Player|Center Arm Rest|Cruise Control|Cup Holder|Digital Clock|Driver Side Airbag|Dual impact Airbags|Entertainment System|Folding Rear Seat|Heated Exterior Mirrors|Keyless Entry|Passenger Airbag|Power Locks|Power Mirrors|Power Windows|Power-Assist Disc Brakes|Rear Window Defroster|Tilt Steering|Tinted Glass|Traction Control|Trip Odometer","","active","Hyundai","Sonata","5NPE24AF5HH587904","2017","Silver","","4","Automatic","Internal Combustion","15888"
"1258","","Auto Quest Group 56 Toro Rd North York, Ontario M3J 2A8","2T1BURHE4GC633179","7.9L/100Km","6.1L/100Km","Toyota","Corolla","4 Cylinder FWD","2016","","73265","Gas","used","FWD","Black","Black","4 Cylinder","1.8L","","5","16900","https://autobunny-docs.s3.ca-central-1.amazonaws.com/1098/car/forsale/images/2020/09/pic-317e942fae1914b3c2b27e918a4b3e58.jpg,https://autobunny-docs.s3.ca-central-1.amazonaws.com/1098/car/forsale/images/2020/09/pic-3209eb6b3b170242e8eba39f1febd7bf.jpg,https://autobunny-docs.s3.ca-central-1.amazonaws.com/1098/car/forsale/images/2020/09/pic-e3c7d09e4a4b6c873b5f5b282e5f3868.jpg,https://autobunny-docs.s3.ca-central-1.amazonaws.com/1098/car/forsale/images/2020/09/pic-05d74da680b7db36be9c71cf8c2d1462.jpg,https://autobunny-docs.s3.ca-central-1.amazonaws.com/1098/car/forsale/images/2020/09/pic-89b5ac570266e74ff73a78357e506019.jpg,https://autobunny-docs.s3.ca-central-1.amazonaws.com/1098/car/forsale/images/2020/09/pic-cde1108868ddc9e7b4bbbfb842f61c23.jpg,https://autobunny-docs.s3.ca-central-1.amazonaws.com/1098/car/forsale/images/2020/09/pic-b60d9c39f8b095df1e34e593700a161f.jpg,https://autobunny-docs.s3.ca-central-1.amazonaws.com/1098/car/forsale/images/2020/09/pic-1f2c72b9a9ebc98190ff90e4cda7a008.jpg,https://autobunny-docs.s3.ca-central-1.amazonaws.com/1098/car/forsale/images/2020/09/pic-8dcd7b07924741be088cb9d2c23532a0.jpg,https://autobunny-docs.s3.ca-central-1.amazonaws.com/1098/car/forsale/images/2020/09/pic-6977a40ad6ace0a4a77415689a32c815.jpg,https://autobunny-docs.s3.ca-central-1.amazonaws.com/1098/car/forsale/images/2020/09/pic-b9150d4e8f1c742b6ecc57f56284a9fe.jpg,https://autobunny-docs.s3.ca-central-1.amazonaws.com/1098/car/forsale/images/2020/09/pic-fd8c7752c043eb677e14ea834a75030c.jpg,https://autobunny-docs.s3.ca-central-1.amazonaws.com/1098/car/forsale/images/2020/09/pic-cef9a394a541240ebccb30530d189760.jpg,https://autobunny-docs.s3.ca-central-1.amazonaws.com/1098/car/forsale/images/2020/09/pic-5ddc36fb4393ea94bf06201002a9b12f.jpg,https://autobunny-docs.s3.ca-central-1.amazonaws.com/1098/car/forsale/images/2020/09/pic-1f548bc8b887a3feee6f3893cd4fb980.jpg","Automatic","","ABS Brakes|Air Conditioning|AM/FM Stereo|Backup Camera|Bluetooth|CD Player|Cruise Control|Cup Holder|Digital Clock|Driver Side Airbag|Entertainment System|Fog Lights|Heated Exterior Mirrors|Keyless Entry|Navigation System|Passenger Airbag|Power Locks|Power Mirrors|Power-Assist Disc Brakes|Rear Window Defroster|Tinted Glass|Traction Control|Trip Odometer","5","active","Toyota","Corolla","2T1BURHE4GC633179","2016","Black","","4","Automatic","Internal Combustion","16900"
"1265","","Auto Quest Group 56 Toro Rd North York, Ontario M3J 2A8","JN1BJ0RR0GM261335","13.7L/100Km","9.7L/100Km","Infiniti","QX50","6 Cylinder AWD","2016","","","Gas","used","AWD","Black","Black","6 Cylinder","3.7L","","5","19900","https://autobunny-docs.s3.ca-central-1.amazonaws.com/1098/car/forsale/images/2020/09/pic-1171e0123cab9aea8c56eaa76bf71688.jpg,https://autobunny-docs.s3.ca-central-1.amazonaws.com/1098/car/forsale/images/2020/09/pic-d421221ecd32b6a31c88f845e81645e7.jpg,https://autobunny-docs.s3.ca-central-1.amazonaws.com/1098/car/forsale/images/2020/09/pic-65d7e5f68e94534a7f5f39a2ee7514fa.jpg,https://autobunny-docs.s3.ca-central-1.amazonaws.com/1098/car/forsale/images/2020/09/pic-9acaf0e07a35ff7818aaa4eae77c772d.jpg,https://autobunny-docs.s3.ca-central-1.amazonaws.com/1098/car/forsale/images/2020/09/pic-43c994624c235527909dae8ec383a4d1.jpg,https://autobunny-docs.s3.ca-central-1.amazonaws.com/1098/car/forsale/images/2020/09/pic-5ed8a1566c8b41b2417f122cd25ec903.jpg,https://autobunny-docs.s3.ca-central-1.amazonaws.com/1098/car/forsale/images/2020/09/pic-5f5611232a86423624ae3690df92620b.jpg,https://autobunny-docs.s3.ca-central-1.amazonaws.com/1098/car/forsale/images/2020/09/pic-b5009e243476c6cccc14e8f562d213b3.jpg,https://autobunny-docs.s3.ca-central-1.amazonaws.com/1098/car/forsale/images/2020/09/pic-5971a7a9fba14b374f34a2847832eadd.jpg","Automatic","","ABS Brakes|Air Conditioning|Alloy Wheels|AM/FM Stereo|Backup Camera|Bluetooth|CD Player|Center Arm Rest|Cruise Control|Cup Holder|Daytime Running Lights|Digital Clock|Driver Side Airbag|Dual impact Airbags|Entertainment System|Fog Lights|Folding Rear Seat|Heated Exterior Mirrors|Heated Seats|Keyless Entry|Leather Steering Wheels|Low Tire Pressure Warning|Passenger Airbag|Power Locks|Power Mirrors|Power Seat|Power Steering|Power Windows|Rear Window Defroster|Rear Windows Wiper|Remote Trunk Release|Satellite Radio|Side Airbag|Tilt Steering|Tinted Glass|Traction Control|Trip Odometer","5","new","Infiniti","QX50","JN1BJ0RR0GM261335","2016","Black","","4","Automatic","Internal Combustion","19900"
"1255","","Auto Quest Group 56 Toro Rd North York, Ontario M3J 2A8","5N1AT2MVOEC771282","8.2L/100Km","6.2L/100Km","Nissan","Rogue","4 Cylinder AWD","2014","","58211","Gas","used","AWD","Grey","Black","4 Cylinder","2.5L","","5","14999","https://autobunny-docs.s3.ca-central-1.amazonaws.com/1098/car/forsale/images/2020/09/pic-f9d20f1989408e5531d5f7869952b3fc.jpg,https://autobunny-docs.s3.ca-central-1.amazonaws.com/1098/car/forsale/images/2020/09/pic-2d29e8590c9e0de2500f1086ef41480c.jpg,https://autobunny-docs.s3.ca-central-1.amazonaws.com/1098/car/forsale/images/2020/09/pic-404b1f2456dc93014068ee24834f47e4.jpg,https://autobunny-docs.s3.ca-central-1.amazonaws.com/1098/car/forsale/images/2020/09/pic-5453aec9830c615589fe8febe7defd54.jpg,https://autobunny-docs.s3.ca-central-1.amazonaws.com/1098/car/forsale/images/2020/09/pic-6ccd69458ca633f89a7d693a4c19186e.jpg,https://autobunny-docs.s3.ca-central-1.amazonaws.com/1098/car/forsale/images/2020/09/pic-ec595bae167a6f6725b835deca97b0bd.jpg,https://autobunny-docs.s3.ca-central-1.amazonaws.com/1098/car/forsale/images/2020/09/pic-1b1eefcab4d1a08f737c289d8dcd7f7d.jpg","Automatic","","ABS Brakes|Air Conditioning|Alloy Wheels|AM/FM Stereo|Automatic Headlight|Backup Camera|Bluetooth|CD Player|Cruise Control|Cup Holder|Daytime Running Lights|Digital Clock|Driver Side Airbag|Entertainment System|Folding Rear Seat|Heated Exterior Mirrors|Low Tire Pressure Warning|Passenger Airbag|Power Locks|Power Mirrors|Power Steering|Power Windows|Power-Assist Disc Brakes|Rear Window Defroster|Rear Windows Wiper|Side Airbag|Traction Control|Trip Odometer","5","active","Nissan","Rogue","5N1AT2MVOEC771282","2014","Grey","","4","Automatic","Internal Combustion","14999"
"1251","","Auto Quest Group 56 Toro Rd North York, Ontario M3J 2A8","1N4AL2AP2AC171910","10.2L/100Km","7.4L/100Km","Nissan","Altima","4 Cylinder FWD","2010","","190352","Gas","used","FWD","Black","Black","4 Cylinder","2.5L","","5","54955999","https://autobunny-docs.s3.ca-central-1.amazonaws.com/1098/car/forsale/images/2020/09/pic-e9b727be1cb9883c842228d6c60e5d66.jpg,https://autobunny-docs.s3.ca-central-1.amazonaws.com/1098/car/forsale/images/2020/09/pic-ec3a92dd5e4917b0a8e7c9cc6f755008.jpg,https://autobunny-docs.s3.ca-central-1.amazonaws.com/1098/car/forsale/images/2020/09/pic-46e00c5c58d469f0f95637b9cc2ca2c3.jpg,https://autobunny-docs.s3.ca-central-1.amazonaws.com/1098/car/forsale/images/2020/09/pic-96c315a04772187fdac38f6185cb6b24.jpg,https://autobunny-docs.s3.ca-central-1.amazonaws.com/1098/car/forsale/images/2020/09/pic-96126d2e13469d55a2a478e1dd9c5108.jpg,https://autobunny-docs.s3.ca-central-1.amazonaws.com/1098/car/forsale/images/2020/09/pic-ed545035edafa02dc8a23c96389ed995.jpg,https://autobunny-docs.s3.ca-central-1.amazonaws.com/1098/car/forsale/images/2020/09/pic-e52ea406f5341d2dfabc609559634018.jpg","Automatic","","ABS Brakes|Air Conditioning|AM/FM Stereo|CD Player|Cruise Control|Cup Holder|Digital Clock|Driver Side Airbag|Heated Seats|Passenger Airbag|Power Mirrors|Power Windows|Remote Trunk Release|Traction Control","5","active","Nissan","Altima","1N4AL2AP2AC171910","2010","Black","","4","Automatic","Internal Combustion","54955999"
"1254","","Auto Quest Group 56 Toro Rd North York, Ontario M3J 2A8","KMHD84LF8LU932098","7.8L/100Km","5.6L/100Km","Hyundai","Elantra","4 Cylinder FWD","2020","","19484","Gas","used","FWD","White","Black","4 Cylinder","2.0L","","5","16900","https://autobunny-docs.s3.ca-central-1.amazonaws.com/1098/car/forsale/images/2020/09/pic-aef77cc49150173c44a8de55630e250b.jpg,https://autobunny-docs.s3.ca-central-1.amazonaws.com/1098/car/forsale/images/2020/09/pic-9295e5c2f1b069575fafcdfcc22756b8.jpg,https://autobunny-docs.s3.ca-central-1.amazonaws.com/1098/car/forsale/images/2020/09/pic-5c391da6348a84cd4e8c9ac29fb97093.jpg,https://autobunny-docs.s3.ca-central-1.amazonaws.com/1098/car/forsale/images/2020/09/pic-239c3fb0bf87414fa2e75ee9848d4d17.jpg,https://autobunny-docs.s3.ca-central-1.amazonaws.com/1098/car/forsale/images/2020/09/pic-fddb2170714a4acafcfdcab076eeadb2.jpg,https://autobunny-docs.s3.ca-central-1.amazonaws.com/1098/car/forsale/images/2020/09/pic-f6aae33f0dae0bab3a728a01dbfa633d.jpg,https://autobunny-docs.s3.ca-central-1.amazonaws.com/1098/car/forsale/images/2020/09/pic-57a19345af21b437073dc540be317f60.jpg,https://autobunny-docs.s3.ca-central-1.amazonaws.com/1098/car/forsale/images/2020/09/pic-3abb2bf2f282711bcb2261f055206561.jpg,https://autobunny-docs.s3.ca-central-1.amazonaws.com/1098/car/forsale/images/2020/09/pic-2a09e6c0081c47f7c9d21d5b436add90.jpg,https://autobunny-docs.s3.ca-central-1.amazonaws.com/1098/car/forsale/images/2020/09/pic-b2f714dda064da8b8932836bfcbed53b.jpg","Automatic","","ABS Brakes|Air Conditioning|Alloy Wheels|AM/FM Stereo|Backup Camera|Bluetooth|CD Player|Center Arm Rest|Cloth Interior|Cruise Control|Cup Holder|Daytime Running Lights|Digital Clock|Driver Side Airbag|Dual impact Airbags|Entertainment System|Fog Lights|Heated Seats|Low Tire Pressure Warning|Passenger Airbag|Power Locks|Power Mirrors|Power Steering|Power Windows|Rear Window Defroster|Remote Trunk Release|Traction Control|Trip Odometer","5","active","Hyundai","Elantra","KMHD84LF8LU932098","2020","White","","4","Automatic","Internal Combustion","16900"
"1257","","Auto Quest Group 56 Toro Rd North York, Ontario M3J 2A8","WBAVL1C52FVY27212","10.6L/100Km","7.2L/100Km","BMW","X1","4 Cylinder AWD","2015","","104849","Gas","used","AWD","","Beige","4 Cylinder","2.0L","","","18888","https://autobunny-docs.s3.ca-central-1.amazonaws.com/1098/car/forsale/images/2020/03/pic-ae000471d4b4ee2d24fbe844b07961c6.jpg,https://autobunny-docs.s3.ca-central-1.amazonaws.com/1098/car/forsale/images/2020/03/pic-ba1c3413194f8a0df7dba63bbd63f579.jpg,https://autobunny-docs.s3.ca-central-1.amazonaws.com/1098/car/forsale/images/2020/03/pic-67d0ada99422b7533c6254c37218348f.jpg,https://autobunny-docs.s3.ca-central-1.amazonaws.com/1098/car/forsale/images/2020/03/pic-30709fd8d200bdbec6deb3dd158d9e6b.jpg,https://autobunny-docs.s3.ca-central-1.amazonaws.com/1098/car/forsale/images/2020/03/pic-739ab2628c3d5faef299d115d0c1a0fd.jpg,https://autobunny-docs.s3.ca-central-1.amazonaws.com/1098/car/forsale/images/2020/03/pic-c33b495282ca7cec21290d08d0ce8361.jpg,https://autobunny-docs.s3.ca-central-1.amazonaws.com/1098/car/forsale/images/2020/03/pic-deefc19d7b8b8ec8c956b091aabe2c5f.jpg,https://autobunny-docs.s3.ca-central-1.amazonaws.com/1098/car/forsale/images/2020/03/pic-4f8e8ecac97edcc43786440307d0d296.jpg,https://autobunny-docs.s3.ca-central-1.amazonaws.com/1098/car/forsale/images/2020/03/pic-f109fae525c90cad338fe75780836947.jpg,https://autobunny-docs.s3.ca-central-1.amazonaws.com/1098/car/forsale/images/2020/03/pic-b81afe27102dcee6cbce69efd9d1837d.jpg","Automatic","","3rd Row Seating|ABS Brakes|Air Conditioning|AM/FM Stereo|Bluetooth|CD Player|Center Arm Rest|Cruise Control|Cup Holder|Digital Clock|Driver Side Airbag|Dual impact Airbags|Entertainment System|Fog Lights|Folding Rear Seat|Heated Exterior Mirrors|Keyless Entry|Leather Steering Wheels|Low Tire Pressure Warning|Multi-Zone A/C|Passenger Airbag|Power Locks|Power Mirrors|Power Windows|Power-Assist Disc Brakes|Rain Sensor Wipers|Rear Window Defroster|Satellite Radio|Tilt Steering|Tinted Glass|Traction Control|Trip Odometer","","active","BMW","X1","WBAVL1C52FVY27212","2015","","","4","Automatic","Internal Combustion","18888"
"1264","","Auto Quest Group 56 Toro Rd North York, Ontario M3J 2A8","1FM5K7B80DGA15229","12.2L/100Km","8.2L/100Km","Ford","Explorer","6 Cylinder FWD","2013","","137212","Gas","used","FWD","Blue","","6 Cylinder","3.5L","","","13888","https://autobunny-docs.s3.ca-central-1.amazonaws.com/1098/car/forsale/images/2020/05/pic-a1f53fd64a4abdfd5a7f783ca719c8b7.jpg,https://autobunny-docs.s3.ca-central-1.amazonaws.com/1098/car/forsale/images/2020/05/pic-d98126426a5e69d6c98dd6ea3db589cd.jpg,https://autobunny-docs.s3.ca-central-1.amazonaws.com/1098/car/forsale/images/2020/05/pic-53f6b4b356d9c6fc9fb07b8f7a1d0cc5.jpg","Automatic","","ABS Brakes|Air Conditioning|AM/FM Stereo|CD Player|Cruise Control|Driver Side Airbag|Entertainment System|Keyless Entry|Passenger Airbag|Traction Control|Trip Odometer","","active","Ford","Explorer","1FM5K7B80DGA15229","2013","Blue","","4","Automatic","Internal Combustion","13888"
"1259","","Auto Quest Group 56 Toro Rd North York, Ontario M3J 2A8","KMHCT5AE5FU210747","8.9L/100Km","6.3L/100Km","Hyundai","Accent","4 Cylinder FWD","2015","","114041","Gas","used","FWD","Grey","Black","4 Cylinder","1.6L","","5","7999","https://autobunny-docs.s3.ca-central-1.amazonaws.com/1098/car/forsale/images/2020/09/pic-8a8c6515e8cdca6968127c26a222d020.jpg,https://autobunny-docs.s3.ca-central-1.amazonaws.com/1098/car/forsale/images/2020/09/pic-8737f727c7df69b7687c854b49e55b3f.jpg,https://autobunny-docs.s3.ca-central-1.amazonaws.com/1098/car/forsale/images/2020/09/pic-d872ba8425b10109b7833ba9ceb3094d.jpg,https://autobunny-docs.s3.ca-central-1.amazonaws.com/1098/car/forsale/images/2020/09/pic-9f3ac119abc39257c717d333a86346fa.jpg,https://autobunny-docs.s3.ca-central-1.amazonaws.com/1098/car/forsale/images/2020/09/pic-8933d6b66fa24b50aa3c95634297051c.jpg,https://autobunny-docs.s3.ca-central-1.amazonaws.com/1098/car/forsale/images/2020/09/pic-b6fcc47d38aad56eb63b65c7f124b06d.jpg,https://autobunny-docs.s3.ca-central-1.amazonaws.com/1098/car/forsale/images/2020/09/pic-92b5ad80a247393394a4cf4522aaee85.jpg,https://autobunny-docs.s3.ca-central-1.amazonaws.com/1098/car/forsale/images/2020/09/pic-adb48853f1d17b476f8175746e944a8e.jpg,https://autobunny-docs.s3.ca-central-1.amazonaws.com/1098/car/forsale/images/2020/09/pic-e088baaaade6f6471c653fcd27518955.jpg,https://autobunny-docs.s3.ca-central-1.amazonaws.com/1098/car/forsale/images/2020/09/pic-fec446a14c58c0378d484a8f52a6ae59.jpg,https://autobunny-docs.s3.ca-central-1.amazonaws.com/1098/car/forsale/images/2020/09/pic-b72c936788e3abc0b81dec61d2d15e74.jpg,https://autobunny-docs.s3.ca-central-1.amazonaws.com/1098/car/forsale/images/2020/09/pic-4e10dd729c198443cb9d237b548be292.jpg","Automatic","","ABS Brakes|Air Conditioning|AM/FM Stereo|CD Player|Cloth Interior|Cruise Control|Cup Holder|Daytime Running Lights|Digital Clock|Driver Side Airbag|Keyless Entry|Passenger Airbag|Power Locks|Power Mirrors|Power Windows|Power-Assist Disc Brakes|Rear Window Defroster|Side Airbag|Tinted Glass|Traction Control|Trip Odometer","5","active","Hyundai","Accent","KMHCT5AE5FU210747","2015","Grey","","4","Automatic","Internal Combustion","7999"
"1260","","Auto Quest Group 56 Toro Rd North York, Ontario M3J 2A8","2T1BU4EE0AC325795","7.5L/100Km","5.6L/100Km","Toyota","Corolla","4 Cylinder FWD","2010","","183387","Gas","used","FWD","Silver","Gray","4 Cylinder","1.8L","","5","69997999","https://autobunny-docs.s3.ca-central-1.amazonaws.com/1098/car/forsale/images/2020/09/pic-febffa47d69904899438f366db7556fb.jpg,https://autobunny-docs.s3.ca-central-1.amazonaws.com/1098/car/forsale/images/2020/09/pic-1213fe687d6c59c4a1ea70ca292b7935.jpg,https://autobunny-docs.s3.ca-central-1.amazonaws.com/1098/car/forsale/images/2020/09/pic-607b665bba23190e4c7541da558410bb.jpg,https://autobunny-docs.s3.ca-central-1.amazonaws.com/1098/car/forsale/images/2020/09/pic-9e6430c98ec4c55f1b21164a6ef14c67.jpg,https://autobunny-docs.s3.ca-central-1.amazonaws.com/1098/car/forsale/images/2020/09/pic-82be2c96c1609b208d9633f4801d1b1d.jpg,https://autobunny-docs.s3.ca-central-1.amazonaws.com/1098/car/forsale/images/2020/09/pic-404945b34ec6ca3d97ea1f9a802b18bd.jpg,https://autobunny-docs.s3.ca-central-1.amazonaws.com/1098/car/forsale/images/2020/09/pic-079e53f0c234f22d8809473db7f10df7.jpg,https://autobunny-docs.s3.ca-central-1.amazonaws.com/1098/car/forsale/images/2020/09/pic-212036ca79de88627f4cdb2c16aed15e.jpg,https://autobunny-docs.s3.ca-central-1.amazonaws.com/1098/car/forsale/images/2020/09/pic-fca34d28f34e716f78c3ab49b59a21c0.jpg,https://autobunny-docs.s3.ca-central-1.amazonaws.com/1098/car/forsale/images/2020/09/pic-924099a7003b7bc79bfac1f83538ff22.jpg","Automatic","","ABS Brakes|Air Conditioning|Alloy Wheels|AM/FM Stereo|CD Player|Cruise Control|Daytime Running Lights|Driver Side Airbag|Passenger Airbag|Power Steering|Tinted Glass|Traction Control","5","active","Toyota","Corolla","2T1BU4EE0AC325795","2010","Silver","","4","Automatic","Internal Combustion","69997999"
"1261","","Auto Quest Group 56 Toro Rd North York, Ontario M3J 2A8","3C4PDCAB0ET144324","11.2L/100Km","7.7L/100Km","Dodge","Journey","4 Cylinder FWD","2014","","70876","Gas","used","FWD","White","Black","4 Cylinder","2.4L","","7","11888","https://autobunny-docs.s3.ca-central-1.amazonaws.com/1098/car/forsale/images/2020/03/pic-dfc4c4014f524260a33369085cca731e.jpg,https://autobunny-docs.s3.ca-central-1.amazonaws.com/1098/car/forsale/images/2020/03/pic-862121faa93d9d6be7840056fe5c92a6.jpg,https://autobunny-docs.s3.ca-central-1.amazonaws.com/1098/car/forsale/images/2020/03/pic-aef80820d41d852ec842e5168b17351e.jpg,https://autobunny-docs.s3.ca-central-1.amazonaws.com/1098/car/forsale/images/2020/03/pic-ca2b6e936ab4c1ec111b2b7cc821183c.jpg,https://autobunny-docs.s3.ca-central-1.amazonaws.com/1098/car/forsale/images/2020/03/pic-c1412a2b11ae96d473f675d0315aa033.jpg,https://autobunny-docs.s3.ca-central-1.amazonaws.com/1098/car/forsale/images/2020/03/pic-f55bcabeed59e2a059d88384ac43a044.jpg,https://autobunny-docs.s3.ca-central-1.amazonaws.com/1098/car/forsale/images/2020/03/pic-59ae5addc120e605e95e8080c4641476.jpg,https://autobunny-docs.s3.ca-central-1.amazonaws.com/1098/car/forsale/images/2020/03/pic-95cc1717fa81faf1e39f545248b355ba.jpg,https://autobunny-docs.s3.ca-central-1.amazonaws.com/1098/car/forsale/images/2020/03/pic-330d4228bcececa1237030f051016b82.jpg,https://autobunny-docs.s3.ca-central-1.amazonaws.com/1098/car/forsale/images/2020/03/pic-eee5bba4ea19c269e3b6aca4cc20e336.jpg,https://autobunny-docs.s3.ca-central-1.amazonaws.com/1098/car/forsale/images/2020/03/pic-01dc8c4587bbddc93cf930e88a4d770f.jpg,https://autobunny-docs.s3.ca-central-1.amazonaws.com/1098/car/forsale/images/2020/03/pic-030252ac8498bbea115ddbeca4052ebf.jpg,https://autobunny-docs.s3.ca-central-1.amazonaws.com/1098/car/forsale/images/2020/03/pic-f1c4e2588c710a12e8599b0c1b857093.jpg,https://autobunny-docs.s3.ca-central-1.amazonaws.com/1098/car/forsale/images/2020/03/pic-df6d707ef4bb8b573d71a7f0a2a0e889.jpg","Automatic","","3rd Row Seating|ABS Brakes|Air Conditioning|AM/FM Stereo|CD Player|Center Arm Rest|Cruise Control|Cup Holder|Digital Clock|Driver Side Airbag|Dual impact Airbags|Entertainment System|Folding Rear Seat|Keyless Entry|Low Tire Pressure Warning|Multi-Zone A/C|Passenger Airbag|Power Locks|Power Windows|Power-Assist Disc Brakes|Rear Window Defroster|Tilt Steering|Traction Control|Trip Odometer","7","active","Dodge","Journey","3C4PDCAB0ET144324","2014","White","","4","Automatic","Internal Combustion","11888"
